{
    "Use Non-ASCII Font" : false,
    "Tags" : [
  
    ],
    "Ansi 12 Color" : {
      "Red Component" : 0.281843900680542,
      "Color Space" : "Calibrated",
      "Blue Component" : 0.7090990543365479,
      "Alpha Component" : 1,
      "Green Component" : 0.6595832705497742
    },
    "Ansi 7 Color" : {
      "Red Component" : 1,
      "Color Space" : "Calibrated",
      "Blue Component" : 0.9999912977218628,
      "Alpha Component" : 1,
      "Green Component" : 0.9999743700027466
    },
    "Ansi 8 Color" : {
      "Red Component" : 0.09803921729326248,
      "Color Space" : "Calibrated",
      "Blue Component" : 0.09803921729326248,
      "Alpha Component" : 1,
      "Green Component" : 0.09803921729326248
    },
    "Bold Color" : {
      "Red Component" : 1,
      "Color Space" : "Calibrated",
      "Blue Component" : 0.9999912977218628,
      "Alpha Component" : 1,
      "Green Component" : 0.9999743700027466
    },
    "Ansi 9 Color" : {
      "Red Component" : 0.9869903326034546,
      "Color Space" : "Calibrated",
      "Blue Component" : 0.3577893972396851,
      "Alpha Component" : 1,
      "Green Component" : 0.2079803645610809
    },
    "Ansi 6 Color" : {
      "Red Component" : 0.4235294163227081,
      "Color Space" : "Calibrated",
      "Blue Component" : 0.7098039388656616,
      "Alpha Component" : 1,
      "Green Component" : 0.7490196228027344
    },
    "Transparency" : 0,
    "Rows" : 25,
    "Default Bookmark" : "No",
    "Cursor Guide Color" : {
      "Red Component" : 0.6499999761581421,
      "Color Space" : "Calibrated",
      "Blue Component" : 1,
      "Alpha Component" : 0.25,
      "Green Component" : 0.9100000262260437
    },
    "Non-ASCII Anti Aliased" : true,
    "Use Bright Bold" : true,
    "Ansi 10 Color" : {
      "Red Component" : 0.5315243601799011,
      "Color Space" : "Calibrated",
      "Blue Component" : 0.3997429311275482,
      "Alpha Component" : 1,
      "Green Component" : 0.7263843417167664
    },
    "Ambiguous Double Width" : false,
    "Jobs to Ignore" : [
      "rlogin",
      "ssh",
      "slogin",
      "telnet"
    ],
    "Ansi 15 Color" : {
      "Red Component" : 1,
      "Color Space" : "Calibrated",
      "Blue Component" : 0.9999912977218628,
      "Alpha Component" : 1,
      "Green Component" : 0.9999743700027466
    },
    "Foreground Color" : {
      "Red Component" : 0.7781368494033813,
      "Color Space" : "Calibrated",
      "Blue Component" : 0.7754280567169189,
      "Alpha Component" : 1,
      "Green Component" : 0.7753546237945557
    },
    "Bound Hosts" : [
  
    ],
    "Working Directory" : "\/Users\/albin",
    "Blinking Cursor" : false,
    "Disable Window Resizing" : true,
    "Sync Title" : false,
    "Prompt Before Closing 2" : false,
    "BM Growl" : true,
    "Command" : "",
    "Description" : "Default",
    "Mouse Reporting" : true,
    "Screen" : -1,
    "Selection Color" : {
      "Red Component" : 0.7019608020782471,
      "Color Space" : "Calibrated",
      "Blue Component" : 0.843137264251709,
      "Alpha Component" : 1,
      "Green Component" : 0.7882353067398071
    },
    "Columns" : 80,
    "Idle Code" : 0,
    "Ansi 13 Color" : {
      "Red Component" : 0.7203463315963745,
      "Color Space" : "Calibrated",
      "Blue Component" : 0.8344314098358154,
      "Alpha Component" : 1,
      "Green Component" : 0.363721489906311
    },
    "Custom Command" : "No",
    "ASCII Anti Aliased" : true,
    "Non Ascii Font" : "Monaco 12",
    "Vertical Spacing" : 1.017666368599398,
    "Use Bold Font" : true,
    "Option Key Sends" : 0,
    "Selected Text Color" : {
      "Red Component" : 0.09803921729326248,
      "Color Space" : "Calibrated",
      "Blue Component" : 0.09803921729326248,
      "Alpha Component" : 1,
      "Green Component" : 0.09803921729326248
    },
    "Background Color" : {
      "Red Component" : 0.1178457885980606,
      "Color Space" : "Calibrated",
      "Blue Component" : 0.1535659581422806,
      "Alpha Component" : 1,
      "Green Component" : 0.1286772042512894
    },
    "Character Encoding" : 4,
    "Ansi 11 Color" : {
      "Red Component" : 1,
      "Color Space" : "Calibrated",
      "Blue Component" : 0.3176470696926117,
      "Alpha Component" : 1,
      "Green Component" : 0.7607843279838562
    },
    "Use Italic Font" : true,
    "Unlimited Scrollback" : false,
    "Keyboard Map" : {
      "0xf700-0x260000" : {
        "Action" : 10,
        "Text" : "[1;6A"
      },
      "0x37-0x40000" : {
        "Action" : 11,
        "Text" : "0x1f"
      },
      "0x32-0x40000" : {
        "Action" : 11,
        "Text" : "0x00"
      },
      "0xf709-0x20000" : {
        "Action" : 10,
        "Text" : "[17;2~"
      },
      "0xf70c-0x20000" : {
        "Action" : 10,
        "Text" : "[20;2~"
      },
      "0xf729-0x20000" : {
        "Action" : 10,
        "Text" : "[1;2H"
      },
      "0xf72b-0x40000" : {
        "Action" : 10,
        "Text" : "[1;5F"
      },
      "0xf705-0x20000" : {
        "Action" : 10,
        "Text" : "[1;2Q"
      },
      "0xf703-0x260000" : {
        "Action" : 10,
        "Text" : "[1;6C"
      },
      "0xf700-0x220000" : {
        "Action" : 10,
        "Text" : "[1;2A"
      },
      "0xf701-0x280000" : {
        "Action" : 11,
        "Text" : "0x1b 0x1b 0x5b 0x42"
      },
      "0x38-0x40000" : {
        "Action" : 11,
        "Text" : "0x7f"
      },
      "0x33-0x40000" : {
        "Action" : 11,
        "Text" : "0x1b"
      },
      "0xf703-0x220000" : {
        "Action" : 10,
        "Text" : "[1;2C"
      },
      "0xf701-0x240000" : {
        "Action" : 10,
        "Text" : "[1;5B"
      },
      "0xf70d-0x20000" : {
        "Action" : 10,
        "Text" : "[21;2~"
      },
      "0xf702-0x260000" : {
        "Action" : 10,
        "Text" : "[1;6D"
      },
      "0xf729-0x40000" : {
        "Action" : 10,
        "Text" : "[1;5H"
      },
      "0xf706-0x20000" : {
        "Action" : 10,
        "Text" : "[1;2R"
      },
      "0x34-0x40000" : {
        "Action" : 11,
        "Text" : "0x1c"
      },
      "0xf700-0x280000" : {
        "Action" : 11,
        "Text" : "0x1b 0x1b 0x5b 0x41"
      },
      "0x2d-0x40000" : {
        "Action" : 11,
        "Text" : "0x1f"
      },
      "0xf70e-0x20000" : {
        "Action" : 10,
        "Text" : "[23;2~"
      },
      "0xf702-0x220000" : {
        "Action" : 10,
        "Text" : "[1;2D"
      },
      "0xf703-0x280000" : {
        "Action" : 11,
        "Text" : "0x1b 0x1b 0x5b 0x43"
      },
      "0xf700-0x240000" : {
        "Action" : 10,
        "Text" : "[1;5A"
      },
      "0xf707-0x20000" : {
        "Action" : 10,
        "Text" : "[1;2S"
      },
      "0xf70a-0x20000" : {
        "Action" : 10,
        "Text" : "[18;2~"
      },
      "0x35-0x40000" : {
        "Action" : 11,
        "Text" : "0x1d"
      },
      "0xf70f-0x20000" : {
        "Action" : 10,
        "Text" : "[24;2~"
      },
      "0xf703-0x240000" : {
        "Action" : 10,
        "Text" : "[1;5C"
      },
      "0xf701-0x260000" : {
        "Action" : 10,
        "Text" : "[1;6B"
      },
      "0xf702-0x280000" : {
        "Action" : 11,
        "Text" : "0x1b 0x1b 0x5b 0x44"
      },
      "0xf72b-0x20000" : {
        "Action" : 10,
        "Text" : "[1;2F"
      },
      "0x36-0x40000" : {
        "Action" : 11,
        "Text" : "0x1e"
      },
      "0xf708-0x20000" : {
        "Action" : 10,
        "Text" : "[15;2~"
      },
      "0xf701-0x220000" : {
        "Action" : 10,
        "Text" : "[1;2B"
      },
      "0xf70b-0x20000" : {
        "Action" : 10,
        "Text" : "[19;2~"
      },
      "0xf702-0x240000" : {
        "Action" : 10,
        "Text" : "[1;5D"
      },
      "0xf704-0x20000" : {
        "Action" : 10,
        "Text" : "[1;2P"
      }
    },
    "Window Type" : 0,
    "Cursor Boost" : 0,
    "Background Image Location" : "",
    "Blur" : false,
    "Badge Color" : {
      "Red Component" : 1,